,loss,accuracy
0,1.5215299726237357,0.638943612575531
1,1.0543009488345476,0.6646958589553833
2,1.0347968864074408,0.6683747172355652
3,1.017329625569009,0.6715280413627625
4,0.9965883510730815,0.675469696521759
5,0.9778884221996558,0.679017186164856
6,0.9569460472238626,0.6840099692344666
7,0.9464760333037285,0.683353066444397
8,0.9402508654523626,0.6853238940238953
9,0.9427964629708444,0.6805938482284546
