,loss,accuracy,f1_score,val_loss,val_accuracy,val_f1_score
0,1.2564846863573749,0.5806621313095093,0.13071565330028534,2.0436503371773393,0.5274999737739563,0.0
1,0.9301285052136629,0.6741986274719238,0.17235563695430756,1.4672870607418949,0.6474999785423279,0.144081249833107
